member_name,title,due_date,days_overdue
Kagiso Khumalo,The Midnight Library,2025-01-17,557
Bongani Dlamini,The Fisherman's Daughter,2025-01-18,556
Kagiso Zulu,The Forgotten Archive,2025-01-22,552
Palesa Mthembu,Fractured Light,2025-02-01,542
Nomvula Ndlovu,Digital Sunrise,2025-02-03,540
Bongani Mahlangu,It Ends With Us Too,2025-02-05,538
Kagiso Nkosi,The Last Harvest,2025-02-21,522
Naledi Ndlovu,Sapiens: A Retelling,2025-02-24,519
Nomvula Nkosi,Northern Lights Falling,2025-03-04,511
Katlego Mahlangu,Ashes and Amber,2025-03-05,510
Tshepo Nkosi,The Fisherman's Daughter,2025-03-06,509
Palesa Khumalo,Educated Again,2025-03-07,508
Zanele Dlamini,The Midnight Library Card,2025-03-07,508
Palesa Mthembu,The Fisherman's Daughter,2025-03-18,497
Sizwe Molefe,Sapiens: A Retelling,2025-03-25,490
Zanele Zulu,The Coder's Dilemma,2025-03-26,489
Kagiso Molefe,The Coder's Dilemma,2025-04-02,482
Palesa Sithole,Homegoing Ways,2025-04-03,481
Kagiso Mthembu,It Ends With Us Too,2025-04-04,480
Sizwe Mthembu,It Ends With Us Too,2025-04-10,474
Bongani Ndlovu,It Ends With Us Too,2025-04-12,472
Nomvula Dlamini,The Coder's Dilemma,2025-04-14,470
Zanele Dlamini,Ashes and Amber,2025-04-22,462
Naledi Ndlovu,Ashes and Amber,2025-05-06,448
Thabo Mthembu,Fractured Light,2025-05-07,447
Katlego Dlamini,Atomic Habits Revisited,2025-05-08,446
Ayanda Mthembu,Atomic Habits Revisited,2025-05-15,439
Tshepo Sithole,The Seven Husbands,2025-05-21,433
Katlego Mokoena,Fractured Light,2025-06-04,419
Sizwe Ndlovu,The Midnight Library,2025-06-05,418
Thabo Dlamini,Digital Sunrise,2025-06-05,418
Sipho Zulu,Sapiens: A Retelling,2025-06-07,416
Ayanda Mahlangu,It Ends With Us Too,2025-06-16,407
Katlego Dlamini,The Quiet Storm,2025-06-17,406
Kagiso Mthembu,It Ends With Us Too,2025-06-18,405
Naledi Ndlovu,Fractured Light,2025-06-19,404
Naledi Dlamini,The Midnight Library,2025-06-23,400
Sizwe Mthembu,The Midnight Library Card,2025-06-27,396
Sipho Zulu,Where the Rivers Meet,2025-07-04,389
Nomvula Dlamini,The Fisherman's Daughter,2025-07-15,378
Nomvula Molefe,Where the Rivers Meet,2025-07-21,372
Sipho Zulu,Where the Rivers Meet,2025-07-23,370
Ayanda Mahlangu,The Silent Patient's Return,2025-07-24,369
Thabo Dlamini,Sapiens: A Retelling,2025-07-25,368
Sizwe Mthembu,The River Between,2025-07-28,365
Zanele Zulu,The Last Harvest,2025-08-01,361
Bongani Dlamini,Fractured Light,2025-08-16,346
Thabo Mokoena,The Midnight Library Card,2025-08-29,333
Thabo Dlamini,Atomic Habits Revisited,2025-09-01,330
Lerato Molefe,Becoming Someone Else,2025-09-03,328
Kagiso Nkosi,Educated Again,2025-09-04,327
Sizwe Mthembu,Becoming Someone Else,2025-09-17,314
Kagiso Molefe,Sapiens: A Retelling,2025-09-20,311
Kagiso Nkosi,Sapiens: A Retelling,2025-09-26,305
Ayanda Mahlangu,Northern Lights Falling,2025-09-30,301
Naledi Ndlovu,The Wandering Mind,2025-10-01,300
Bongani Mahlangu,Sapiens: A Retelling,2025-10-08,293
Bongani Khumalo,The Wandering Mind,2025-10-24,277
Nomvula Sithole,Sapiens: A Retelling,2025-10-30,271
Sizwe Ndlovu,Becoming Someone Else,2025-10-30,271
Thabo Nkosi,The Midnight Library Card,2025-11-10,260
Kagiso Mokoena,Sapiens: A Retelling,2025-11-12,258
Tshepo Mokoena,Homegoing Ways,2025-11-24,246
Kagiso Nkosi,Ashes and Amber,2025-12-08,232
Katlego Sithole,The Seven Husbands,2025-12-10,230
Mpho Khumalo,The Midnight Library Card,2025-12-11,229
Lerato Molefe,The Silent Patient's Return,2025-12-12,228
Zanele Dlamini,Northern Lights Falling,2025-12-17,223
Bongani Sithole,The Silent Patient's Return,2025-12-23,217
Bongani Sithole,City of Glass Towers,2025-12-27,213
Tshepo Nkosi,Northern Lights Falling,2025-12-30,210
Zanele Nkosi,It Ends With Us Too,2025-12-31,209
Naledi Ndlovu,The Midnight Library Card,2026-01-05,204
Ayanda Mahlangu,Northern Lights Falling,2026-01-06,203
Nomvula Nkosi,Northern Lights Falling,2026-01-15,194
Nomvula Dlamini,Fractured Light,2026-01-15,194
Lerato Sithole,The Coder's Dilemma,2026-01-22,187
Naledi Dlamini,Fractured Light,2026-01-26,183
Mpho Dlamini,Sapiens: A Retelling,2026-01-26,183
Katlego Sithole,Where the Rivers Meet,2026-01-29,180
Thabo Mthembu,Where the Rivers Meet,2026-01-29,180
Sipho Khumalo,The Last Harvest,2026-01-31,178
Tshepo Mokoena,The Midnight Library Card,2026-02-06,172
Naledi Mokoena,The River Between,2026-02-12,166
Lerato Sithole,The Silent Patient's Return,2026-02-12,166
Lerato Sithole,Sapiens: A Retelling,2026-02-14,164
Sizwe Molefe,The Quiet Storm,2026-02-17,161
Zanele Dlamini,The Quiet Storm,2026-02-18,160
Kagiso Mthembu,Fractured Light,2026-03-02,148
Kagiso Mokoena,The Quiet Storm,2026-03-04,146
Kagiso Mthembu,The Midnight Library Card,2026-03-11,139
Katlego Dlamini,Where the Rivers Meet,2026-03-14,136
Nomvula Ndlovu,Atomic Habits Revisited,2026-03-19,131
Palesa Mthembu,The Silent Patient's Return,2026-03-20,130
Sipho Zulu,Atomic Habits Revisited,2026-03-24,126
Ayanda Mahlangu,Autumn in the Cape,2026-03-25,125
Kagiso Khumalo,Sapiens: A Retelling,2026-04-13,106
Tshepo Mokoena,Sapiens: A Retelling,2026-04-17,102
Sipho Zulu,Where the Rivers Meet,2026-04-22,97
Thabo Dlamini,Sapiens: A Retelling,2026-04-24,95
Palesa Sithole,Where the Rivers Meet,2026-04-25,94
Nomvula Nkosi,The Seven Husbands,2026-04-27,92
Naledi Nkosi,The Midnight Library Card,2026-04-29,90
Zanele Dlamini,The Long Walk Home,2026-04-30,89
Ayanda Zulu,The Forgotten Archive,2026-04-30,89
Bongani Zulu,Digital Sunrise,2026-05-04,85
Bongani Sithole,The Long Walk Home,2026-05-04,85
Lerato Molefe,Beneath the Baobab,2026-05-09,80
Katlego Mokoena,The Midnight Library Card,2026-05-11,78
Kagiso Mokoena,Verity's Shadow,2026-05-14,75
Bongani Mthembu,The Last Harvest,2026-05-18,71
Lerato Molefe,Northern Lights Falling,2026-05-20,69
Naledi Mthembu,Digital Sunrise,2026-05-20,69
Sizwe Ndlovu,The Last Harvest,2026-05-23,66
Nomvula Ndlovu,Fractured Light,2026-05-30,59
Palesa Sithole,The Fisherman's Daughter,2026-06-02,56
Mpho Ndlovu,Sapiens: A Retelling,2026-06-05,53
Thabo Mokoena,The Coder's Dilemma,2026-06-05,53
Palesa Khumalo,Atomic Habits Revisited,2026-06-08,50
Bongani Sithole,Homegoing Ways,2026-06-09,49
Tshepo Sithole,Educated Again,2026-06-09,49
Palesa Sithole,Verity's Shadow,2026-06-16,42
Katlego Sithole,The Silent Patient's Return,2026-07-04,24
Sizwe Molefe,Sapiens: A Retelling,2026-07-06,22
Bongani Mthembu,The Fisherman's Daughter,2026-07-07,21
Naledi Mthembu,Digital Sunrise,2026-07-10,18
Thabo Mthembu,Where the Rivers Meet,2026-07-15,13
